<?xml version="1.0" encoding="utf-8"?>
<S:Envelope xmlns:S="http://schemas.xmlsoap.org/soap/envelope/" xmlns:wsse="http://schemas.xmlsoap.org/ws/2003/06/secext" xmlns:wsu="http://docs.oasis-open.org/wss/2004/01/oasis-200401-wss-wssecurity-utility-1.0.xsd" xmlns:psf="http://schemas.microsoft.com/Passport/SoapServices/SOAPFault">
<S:Header>
    <psf:pp xmlns:psf="http://schemas.microsoft.com/Passport/SoapServices/SOAPFault">
    <psf:serverVersion>1</psf:serverVersion>
    <psf:authstate>0x80048800</psf:authstate>
    <psf:reqstatus>0x80048823</psf:reqstatus>
    <psf:serverInfo Path="Live1" RollingUpgradeState="ExclusiveNew" LocVersion="0" ServerTime="{{ timez }}">XYZPPLOGN1A23 2017.09.28.12.44.07</psf:serverInfo>
    <psf:cookies/>
    <psf:response/>
</psf:pp>
</S:Header>
<S:Fault>
    <faultcode>wsse:FailedAuthentication</faultcode>
    <faultstring>Authentication Failure</faultstring>
</S:Fault>
</S:Envelope>
