<?xml version="1.0" encoding="utf-8"?>
<soap:Envelope xmlns:soap="http://schemas.xmlsoap.org/soap/envelope/" xmlns:xsi="http://www.w3.org/2001/XMLSchema-instance" xmlns:xsd="http://www.w3.org/2001/XMLSchema">
	<soap:Body>
		<soap:Fault>
			<faultcode xmlns:q0="{{ owsns }}">q0:AuthenticationFailed</faultcode>
			<faultstring>Exception of type System.Web.Services.Protocols.SoapException was thrown.</faultstring>
			<faultactor>https://eowsmsgrmsn.log1p.xyz/OimWS/oim.asmx</faultactor>
			<detail>
				<TweenerChallenge xmlns="http://messenger.msn.com/ws/2004/09/oim/">ct=1,rver=1,wp=FS_40SEC_0_COMPACT,lc=1,id=1</TweenerChallenge>
				<LockKeyChallenge xmlns="{{ owsns }}">1850937852</LockKeyChallenge>
			</detail>
		</soap:Fault>
	</soap:Body>
</soap:Envelope>