<?xml version="1.0" encoding="utf-8"?>
<soap:Envelope xmlns:soap="http://schemas.xmlsoap.org/soap/envelope/" xmlns:xsi="http://www.w3.org/2001/XMLSchema-instance" xmlns:xsd="http://www.w3.org/2001/XMLSchema">
	<soap:Header>
		<SequenceAcknowledgment xmlns="http://schemas.xmlsoap.org/ws/2003/03/rm">
			<Identifier xmlns="http://schemas.xmlsoap.org/ws/2002/07/utility">http://messenger.msn.com</Identifier>
			<AcknowledgmentRange Upper="{{ seq }}" Lower="{{ seq }}" />
		</SequenceAcknowledgment>
	</soap:Header>
	<soap:Body>
		<StoreResponse xmlns="{{ owsns }}">
			<PointsConsumed>0</PointsConsumed>
		</StoreResponse>
	</soap:Body>
</soap:Envelope>