<?xml version="1.0" encoding="utf-8"?>
<soap:Envelope xmlns:soap="http://schemas.xmlsoap.org/soap/envelope/" xmlns:xsi="http://www.w3.org/2001/XMLSchema-instance" xmlns:xsd="http://www.w3.org/2001/XMLSchema">
	<soap:Body>
		<soap:Fault>
			<faultcode>soap:Client</faultcode>
			<faultstring>Member does not exist </faultstring>
			<faultactor>http://www.msn.com/webservices/AddressBook/DeleteMember</faultactor>
			<detail>
				<errorcode xmlns="http://www.msn.com/webservices/AddressBook">MemberDoesNotExist</errorcode>
				<errorstring xmlns="http://www.msn.com/webservices/AddressBook">Member does not exist </errorstring>
				<machineName xmlns="http://www.msn.com/webservices/AddressBook">BY2ABCHWB346</machineName>
				<additionalDetails>
					<originalExceptionErrorMessage>
						BY2ABCHSQLA110.ABCHA1100134..prc_ABRoleMappingDeleteInt_W12R1:  Member Does Not Exist in specified Role(s) : RoleMap Delete - 2
						
						BY2ABCHSQLA110.ABCHA1100134..prc_ABRoleMappingDelete_W12R1:  Failed to execute stored procedure prc_ABRoleMappingDeleteInt.
					</originalExceptionErrorMessage>
				</additionalDetails>
			</detail>
		</soap:Fault>
	</soap:Body>
</soap:Envelope>