<?xml version="1.0" encoding="utf-8"?>
<MsgrConfig>
	<Brands>
		<Client v="def" bv="1.0.1.0">
			<b i="FT01" v="10.0" f="FT01_fr-fr_R10.cab" u="http://g.msn.com/0USWLPIT/65" p="FT01"/>
			<b i="FT01" v="9.0" f="FT01_fr-FR_R9.cab" u="http://g.msn.com/0USWLPIT/47" p="FT01" r="http://rad.msn.com/ADSAdClient31.dll?GetAD=&amp;PG=ORFRB1&amp;AP=1007"/>
			<b i="FT01" v="7.0" f="FT01_fr-fr_R7.cab" u="http://g.msn.com/0USWLPIT/18" p="FT01" r="http://rad.msn.com/ADSAdClient31.dll?GetAD=&amp;PG=ORFRB1&amp;AP=1007"/>
			<b i="FT02" v="7.0" f="FT02_fr-fr_R1.cab" u="http://g.msn.com/0USWLPIT/17" p="FT02" r="http://rad.msn.com/ADSAdClient31.dll?GetAD=&amp;PG=ORFRB1&amp;AP=1007"/>
		</Client>
		<Client v="2" CDNVER="http://cba.domains.live.com/cdn1" CDNCAB="http://cba.domains.live.com/cdn3" CDNPRV="http://cba.domains.live.com/prvw"/>
	</Brands>
	<Simple>
		<Config>
			<ExpiresInDays>0</ExpiresInDays>
		</Config>
		<P2PConfig>
			<ObjectStore>
				<SendDelay>1</SendDelay>
			</ObjectStore>
		</P2PConfig>
		<DisablePhoneDialer>1</DisablePhoneDialer>
		<GetItemVersionForUnknown>false</GetItemVersionForUnknown>
		<Logitech>
			<PremiumAVConfigServer>http://mplocate.spotlife.net/locate.sxml</PremiumAVConfigServer>
			<PreRollEnabled>0</PreRollEnabled>
			<WebcamConfigServer>http://mlocate.spotlife.net/locate.sxml</WebcamConfigServer>
		</Logitech>
		<MinFlashPlayer BuildNumber="28" MajorVersion="9" MinorVersion="0" />
		<Relay>
			<Enabled>0</Enabled>
			<MaxCallLength>0</MaxCallLength>
		</Relay>
		<Contacts>
			<Client ZombieServerDetectDelay="1800" ZombieServerDetectInterval="30" ZombieServerDetectResumeDelay="1800" />
			<Server ZombieServerDetectDelay="900" ZombieServerDetectResumeDelay="900" ZombieServerDetectConnectDelay="900" ZombieServerDetectLongDelay="900" />
		</Contacts>
		<TrustedDomains>
			<domain name="wink.messengergeek.com" />
			<domain name="messengergeek.com" />
			<domain name="escargot.log1p.xyz" />
		</TrustedDomains>
		<ErrorResponseTable>
			<Feature type="0" name="Login">
				<Entry hr="0x80004002" action="3"/>
				<Entry hr="0x80004004" action="3"/>
				<Entry hr="0x80004005" action="3"/>
				<Entry hr="0x8000402A" action="3"/>
				<Entry hr="0x8000FFFF" action="3"/>
				<Entry hr="0x8001012E" action="3"/>
				<Entry hr="0x80040200" action="3"/>
				<Entry hr="0x80048051" action="3"/>
				<Entry hr="0x80048820" action="3"/>
				<Entry hr="0x80048823" action="3"/>
				<Entry hr="0x80070002" action="3"/>
				<Entry hr="0x80070005" action="3"/>
				<Entry hr="0x8007000E" action="3"/>
				<Entry hr="0x80070057" action="3"/>
				<Entry hr="0x8007007E" action="3"/>
				<Entry hr="0x800702E4" action="3"/>
				<Entry hr="0x800706BA" action="3"/>
				<Entry hr="0x800706BE" action="3"/>
				<Entry hr="0x80071392" action="3"/>
				<Entry hr="0x80072745" action="3"/>
				<Entry hr="0x80072746" action="3"/>
				<Entry hr="0x80072EE2" action="3"/>
				<Entry hr="0x80072EF3" action="3"/>
				<Entry hr="0x80072EFD" action="3"/>
				<Entry hr="0x80072EFF" action="3"/>
				<Entry hr="0x80072F06" action="3"/>
				<Entry hr="0x80072F7D" action="3"/>
				<Entry hr="0x800C013E" action="3"/>
				<Entry hr="0x80191002" action="3"/>
				<Entry hr="0x81000306" action="3"/>
				<Entry hr="0x8100030D" action="3"/>
				<Entry hr="0x81000314" action="3"/>
				<Entry hr="0x81000362" action="3"/>
				<Entry hr="0x81000378" action="3"/>
				<Entry hr="0x81000395" action="3"/>
				<Entry hr="0x85AE000B" action="3"/>
				<Entry hr="0x85AE000F" action="3"/>
				<Entry hr="0x85AE001D" action="3"/>
				<Entry hr="0x85AE0022" action="3"/>
				<Entry hr="0x85AE0024" action="3"/>
				<Entry hr="0x85AE0027" action="3"/>
				<Entry hr="0x85AE003C" action="3"/>
				<Entry hr="0x85AE0053" action="3"/>
				<Entry hr="0x8E5E0152" action="3"/>
				<Entry hr="0x8E5E0158" action="3"/>
				<Entry hr="0x8E5E0211" action="3"/>
				<Entry hr="0x8E5E0220" action="3"/>
				<Entry hr="0x8E5E0226" action="3"/>
				<Entry hr="0x8E5E03FE" action="3"/>
				<Entry hr="0x8E5E0408" action="3"/>
				<Entry hr="0x8E5E05F6" action="3"/>
				<Entry hr="0x8E5E0710" action="3"/>
				<Entry hr="0x8E5E0713" action="3"/>
			</Feature>
			<Feature type="2" name="MapFile">
				<Entry hr="0x810003F1" action="3"/>
				<Entry hr="0x810003F6" action="3"/>
			</Feature>
			<Feature type="3" name="P2P">
				<Entry hr="0x82000016" action="3"/>
				<Entry hr="0x82000017" action="3"/>
				<Entry hr="0x82000019" action="3"/>
				<Entry hr="0x8200001b" action="3"/>
				<Entry hr="0x8200001d" action="3"/>
				<Entry hr="0x8200001e" action="3"/>
				<Entry hr="0x82000024" action="3"/>
				<Entry hr="0x82000026" action="3"/>
			</Feature>
		</ErrorResponseTable>
		<USBDevices>
			<Device VID="0x045e" PID="0x0719"/>
			<Device VID="0x045e" PID="0x0722"/>
			<Device VID="0x041e" PID="0x4080"/>
		</USBDevices>
		<CirclesWeb General="http://cid-$CIRCLECID$.groups.live.com/" General-SiteId="73625" Management="http://cid-$CIRCLECID$.groups.live.com/options/" Management-SiteId="73625" Membership="http://cid-$CIRCLECID$.groups.live.com/membership/" Membership-SiteId="73625" Leave="http://cid-$CIRCLECID$.groups.live.com/options/leavegroup/" Leave-SiteId="73625" />
		<AnonymousIMSettings>
			<SettingsPage URL="http://settings.messenger.live.com/applications/WebSettings.aspx" SiteID="76215" />
		</AnonymousIMSettings>
	</Simple>
	<TabConfig>
		<msntabsettings>
			<oemtotallimit>1</oemtotallimit>
			<oemdisplaylimit>1</oemdisplaylimit>
		</msntabsettings>
	</TabConfig>
	<AbchCfg>
		<abchconfig>
			<url>https://m1.escargot.log1p.xyz/abservice/abservice.asmx</url>
		</abchconfig>
	</AbchCfg>
	<LocalizedConfig Market="en-US">
		<AdMainConfig>
			<TextAdRotation>420</TextAdRotation>
			<TextAdRefresh>1</TextAdRefresh>
			<TextAdServer>https://m1.escargot.log1p.xyz/etc/text-ad-service</TextAdServer>
		</AdMainConfig>
		<Contacts>
			<ABPendingRequests>
				<SiteId>73625</SiteId>
				<height>672</height>
				<IncludeSNRequests>true</IncludeSNRequests>
				<width>808</width>
				<urlcid>http://cid-%1!16.16I64X!.profile.live.com/invites?partner=Messenger</urlcid>
			</ABPendingRequests>
			<EditMyLiveContactProfile>
				<url>http://spaces.live.com/profile.aspx?action=edit&amp;mode=activecontacts&amp;mkt=en-us&amp;partner=Messenger</url>
				<SiteId>73625</SiteId>
			</EditMyLiveContactProfile>
			<EditMyProfile>
				<url>http://profile.live.com/details</url>
				<SiteId>73625</SiteId>
			</EditMyProfile>
			<MessengerInvite>
				<url>http://cid-%1.profile.live.com/connect/send.aspx?email=%2</url>
				<urlcid>http://cid-%1.profile.live.com/connect/send.aspx?cid=%2</urlcid>
				<SiteId>73625</SiteId>
			</MessengerInvite>
			<Profile>
				<url>http://spaces.live.com/Profile.aspx?partner=Messenger&amp;mkt=en-us&amp;mem=%ls</url>
				<urlcid>http://spaces.live.com/Profile.aspx?partner=Messenger&amp;mkt=en-us&amp;cid=%ls</urlcid>
				<urlcid2>http://cid-%1!16.16I64X!.profile.live.com</urlcid2>
				<SiteId>73625</SiteId>
			</Profile>
			<SNInvites>
				<url>http://cid-%1.profile.live.com/connect/Messenger.aspx?Email=%2</url>
				<urlcid>http://cid-%1.profile.live.com/connect/Messenger.aspx?cid=0x%2</urlcid>
				<SiteId>73625</SiteId>
			</SNInvites>
			<ViewMapEnabled>true</ViewMapEnabled>
		</Contacts>
		<FlashUpgradeURL>http://get.adobe.com/flashplayer/thankyou/activex/?installer=Flash_Player_10_for_Windows_Internet_Explorer</FlashUpgradeURL>
		<GLinkMarket v="en_us" />
		<LiveFolders UpsellMessageId="1" />
		<MSNSearch>
			<DesktopInstallURL>https://duckduckgo.com/?q=$QUERY$&amp;ia=web</DesktopInstallURL>
			<ImagesURL>https://duckduckgo.com/?q=$QUERY$&amp;ia=images</ImagesURL>
			<NearMeURL>https://duckduckgo.com/?q=$QUERY$&amp;ia=web</NearMeURL>
			<NewsURL>https://duckduckgo.com/?q=$QUERY$+news&amp;ia=news</NewsURL>
			<PeopleSearchURL>http://home.live.com/search?query=$QUERY$</PeopleSearchURL>
			<PeopleSearchSiteID>73625</PeopleSearchSiteID>
			<SearchKidsURL>https://duckduckgo.com/?q=$QUERY$&amp;ia=web</SearchKidsURL>
			<SearchURL>https://duckduckgo.com/?q=$QUERY$&amp;ia=web</SearchURL>
			<SharedSearchURL>https://duckduckgo.com/?q=$QUERY$&amp;ia=web</SharedSearchURL>
			<SharedSearchURL2>https://duckduckgo.com/?q=$QUERY$&amp;ia=web</SharedSearchURL2>
		</MSNSearch>
		<MsnTodayConfig>
			<MsnTodaySiteID>6528</MsnTodaySiteID>
			<MsnTodayURL>https://escargot.log1p.xyz/etc/escargot-today</MsnTodayURL>
			<Flags>2</Flags>
		</MsnTodayConfig>
		<OneCare Enabled="0" />
		<PE Tracking=""/>
		<PremiumAV Visibility="1" />
		<PSTNOut Hidden="0" />
		<ReportAbuse>
			<ReportAbuseSID />
			<ReportAbuseURL>http://support.live.com/default.aspx?productkey=wlmessengerabuse</ReportAbuseURL>
		</ReportAbuse>
		<RL>
			<ViewProfileURL>http://g.msn.com/5meen_us/106?%1&amp;Plcid=%2!hs!&amp;%3&amp;Country=%4!hs!&amp;BrandID=%5&amp;passport=%6</ViewProfileURL>
		</RL>
		<SDrive Enabled="true" />
		<TermsOfUse>
			<TermsOfUseSID>956</TermsOfUseSID>
			<TermsOfUseURL>https://escargot.log1p.xyz/tos</TermsOfUseURL>
		</TermsOfUse>
		<VoiceClip Hidden="0" />
		<VoiceVideo>
			<DisableSipProxyInviteTest>0</DisableSipProxyInviteTest>
			<DisableSipProxyCapability>1</DisableSipProxyCapability>
			<DisableSipProxyInvite>1</DisableSipProxyInvite>
			<DisableSipProxyCapability2>0</DisableSipProxyCapability2>
			<DisableSipProxyInvite2>0</DisableSipProxyInvite2>
		</VoiceVideo>
	</LocalizedConfig>
</MsgrConfig>