<?xml version="1.0" encoding="utf-8"?>
<soap:Envelope xmlns:soap="http://schemas.xmlsoap.org/soap/envelope/" xmlns:xsi="http://www.w3.org/2001/XMLSchema-instance" xmlns:xsd="http://www.w3.org/2001/XMLSchema">
	<soap:Header>
		<ServiceHeader xmlns="http://www.msn.com/webservices/AddressBook">
			<Version>15.01.1408.0000</Version>
			<CacheKey>12r1:{{ cachekey }}</CacheKey>
			<CacheKeyChanged>true</CacheKeyChanged>
			<PreferredHostName>{{ host }}</PreferredHostName>
			<SessionId>{{ session_id }}</SessionId>
		</ServiceHeader>
	</soap:Header>
	<soap:Body>
		<ABContactUpdateResponse xmlns="http://www.msn.com/webservices/AddressBook" />
	</soap:Body>
</soap:Envelope>