<?xml version="1.0" encoding="utf-8"?>
<soap:Envelope xmlns:soap="http://schemas.xmlsoap.org/soap/envelope/" xmlns:xsi="http://www.w3.org/2001/XMLSchema-instance" xmlns:xsd="http://www.w3.org/2001/XMLSchema">
	<soap:Body>
		<soap:Fault>
			<faultcode>soap:Client</faultcode>
			<faultstring>Contact Does Not Exist </faultstring>
			<faultactor>http://www.msn.com/webservices/AddressBook/{{ action_str }}</faultactor>
			<detail>
				<errorcode xmlns="http://www.msn.com/webservices/AddressBook">ContactDoesNotExist</errorcode>
				<errorstring xmlns="http://www.msn.com/webservices/AddressBook">Contact Does Not Exist </errorstring>
				<machineName xmlns="http://www.msn.com/webservices/AddressBook">BAYABCHWBB133</machineName>
				<additionalDetails>
					<conflictObjectId>79ACA834-005D-4812-8749-DC976F38BC5D</conflictObjectId>
				</additionalDetails>
			</detail>
		</soap:Fault>
	</soap:Body>
</soap:Envelope>