<?xml version="1.0" encoding="utf-8"?>
<soap:Envelope xmlns:soap="http://schemas.xmlsoap.org/soap/envelope/" xmlns:xsi="http://www.w3.org/2001/XMLSchema-instance" xmlns:xsd="http://www.w3.org/2001/XMLSchema">
	<soap:Body>
		<soap:Fault>
			<faultcode>soap:Client</faultcode>
			<faultstring>The Passport user specified is invalid SignInName: {{ email }}</faultstring>
			<faultactor>http://www.msn.com/webservices/AddressBook/ABContactAdd</faultactor>
			<detail>
				<errorcode xmlns="http://www.msn.com/webservices/AddressBook">InvalidPassportUser</errorcode>
				<errorstring xmlns="http://www.msn.com/webservices/AddressBook">The Passport user specified is invalid SignInName: {{ email }}</errorstring>
				<machineName xmlns="http://www.msn.com/webservices/AddressBook">BAYABCHWBB137</machineName>
				<additionalDetails>
					<originalExceptionErrorMessage>The Passport user specified is invalid SignInName: {{ email }}</originalExceptionErrorMessage>
				</additionalDetails>
			</detail>
		</soap:Fault>
	</soap:Body>
</soap:Envelope>