<?xml version="1.0" encoding="utf-8"?>
<soap:Envelope xmlns:soap="http://schemas.xmlsoap.org/soap/envelope/" xmlns:xsi="http://www.w3.org/2001/XMLSchema-instance" xmlns:xsd="http://www.w3.org/2001/XMLSchema">
	<soap:Body>
		<soap:Fault>
			<faultcode>soap:Client</faultcode>
			<faultstring>Full sync required.  Details: Delta syncs disabled.</faultstring>
			<faultactor>http://www.msn.com/webservices/AddressBook/{{ faultactor }}</faultactor>
			<detail>
				<errorcode xmlns="http://www.msn.com/webservices/AddressBook">FullSyncRequired</errorcode>
				<errorstring xmlns="http://www.msn.com/webservices/AddressBook">Full sync required.  Details: Delta syncs disabled.</errorstring>
				<machineName xmlns="http://www.msn.com/webservices/AddressBook">DM2CDP1012622</machineName>
				<additionalDetails>
					<originalExceptionErrorMessage>Full sync required.  Details: Delta syncs disabled.</originalExceptionErrorMessage>
				</additionalDetails>
			</detail>
		</soap:Fault>
	</soap:Body>
</soap:Envelope>